<?xml version="1.0" encoding="UTF-8"?>
<project-private xmlns="http://www.netbeans.org/ns/project-private/1">
    <editor-bookmarks xmlns="http://www.netbeans.org/ns/editor-bookmarks/2" lastBookmarkId="0"/>
    <open-files xmlns="http://www.netbeans.org/ns/projectui-open-files/2">
        <group>
            <file>file:/C:/_JAVA/NetBeans/CS3502/OS_Project_Phase1_Part1/OS_Project_Phase1_Part1/src/os_project_phase1_part1/Job.java</file>
            <file>file:/C:/_JAVA/NetBeans/CS3502/OS_Project_Phase1_Part1/OS_Project_Phase1_Part1/src/os_project_phase1_part1/OS_Project_Phase1_Part1.java</file>
            <file>file:/C:/_JAVA/NetBeans/CS3502/OS_Project_Phase1_Part1/OS_Project_Phase1_Part1/src/os_project_phase1_part1/Disk.java</file>
            <file>file:/C:/_JAVA/NetBeans/CS3502/OS_Project_Phase1_Part1/OS_Project_Phase1_Part1/src/os_project_phase1_part1/Loader.java</file>
            <file>file:/C:/_JAVA/NetBeans/CS3502/OS_Project_Phase1_Part1/OS_Project_Phase1_Part1/src/os_project_phase1_part1/Driver.java</file>
        </group>
    </open-files>
</project-private>
