<?xml version="1.0" encoding="UTF-8"?>
<project-private xmlns="http://www.netbeans.org/ns/project-private/1">
    <editor-bookmarks xmlns="http://www.netbeans.org/ns/editor-bookmarks/2" lastBookmarkId="0"/>
    <open-files xmlns="http://www.netbeans.org/ns/projectui-open-files/2">
        <group>
            <file>file:/C:/_JAVA/NetBeans/CS3502/OS_Project_Phase2_Part2/OS_Project_Phase2_Part2/src/os_project_phase2_part2/Dispatcher.java</file>
            <file>file:/C:/_JAVA/NetBeans/CS3502/OS_Project_Phase2_Part2/OS_Project_Phase2_Part2/src/os_project_phase2_part2/Driver.java</file>
            <file>file:/C:/_JAVA/NetBeans/CS3502/OS_Project_Phase2_Part2/OS_Project_Phase2_Part2/src/os_project_phase2_part2/Instruction.java</file>
            <file>file:/C:/_JAVA/NetBeans/CS3502/OS_Project_Phase2_Part2/OS_Project_Phase2_Part2/src/os_project_phase2_part2/ShortScheduler.java</file>
            <file>file:/C:/_JAVA/NetBeans/CS3502/OS_Project_Phase2_Part2/OS_Project_Phase2_Part2/src/os_project_phase2_part2/MemorySystem.java</file>
            <file>file:/C:/_JAVA/NetBeans/CS3502/OS_Project_Phase2_Part2/OS_Project_Phase2_Part2/src/os_project_phase2_part2/PCB.java</file>
            <file>file:/C:/_JAVA/NetBeans/CS3502/OS_Project_Phase2_Part2/OS_Project_Phase2_Part2/src/os_project_phase2_part2/Page.java</file>
            <file>file:/C:/_JAVA/NetBeans/CS3502/OS_Project_Phase2_Part2/OS_Project_Phase2_Part2/src/os_project_phase2_part2/Memory.java</file>
            <file>file:/C:/_JAVA/NetBeans/CS3502/OS_Project_Phase2_Part2/OS_Project_Phase2_Part2/src/os_project_phase2_part2/UnconditionalInstruction.java</file>
            <file>file:/C:/_JAVA/NetBeans/CS3502/OS_Project_Phase2_Part2/OS_Project_Phase2_Part2/src/os_project_phase2_part2/ConditionalInstruction.java</file>
            <file>file:/C:/_JAVA/NetBeans/CS3502/OS_Project_Phase2_Part2/OS_Project_Phase2_Part2/src/os_project_phase2_part2/OS_Project_Phase2_Part2.java</file>
            <file>file:/C:/_JAVA/NetBeans/CS3502/OS_Project_Phase2_Part2/OS_Project_Phase2_Part2/src/os_project_phase2_part2/IOInstruction.java</file>
            <file>file:/C:/_JAVA/NetBeans/CS3502/OS_Project_Phase2_Part2/OS_Project_Phase2_Part2/src/os_project_phase2_part2/ArithmeticInstruction.java</file>
            <file>file:/C:/_JAVA/NetBeans/CS3502/OS_Project_Phase2_Part2/OS_Project_Phase2_Part2/src/os_project_phase2_part2/LongScheduler.java</file>
            <file>file:/C:/_JAVA/NetBeans/CS3502/OS_Project_Phase2_Part2/OS_Project_Phase2_Part2/src/os_project_phase2_part2/CPU.java</file>
        </group>
    </open-files>
</project-private>
