<?xml version="1.0" encoding="UTF-8"?>
<project-private xmlns="http://www.netbeans.org/ns/project-private/1">
    <open-files xmlns="http://www.netbeans.org/ns/projectui-open-files/2">
        <group>
            <file>file:/E:/Java/Netbeans/CS3502/OS_Project_Phase2_Part2/src/os_project_phase2_part2/Loader.java</file>
            <file>file:/E:/Java/Netbeans/CS3502/OS_Project_Phase2_Part2/src/os_project_phase2_part2/Effective_Address.java</file>
            <file>file:/E:/Java/Netbeans/CS3502/OS_Project_Phase2_Part2/src/os_project_phase2_part2/Execute.java</file>
            <file>file:/E:/Java/Netbeans/CS3502/OS_Project_Phase2_Part2/src/os_project_phase2_part2/Memory.java</file>
            <file>file:/E:/Java/Netbeans/CS3502/OS_Project_Phase2_Part2/src/os_project_phase2_part2/Fetch.java</file>
            <file>file:/E:/Java/Netbeans/CS3502/OS_Project_Phase2_Part2/src/os_project_phase2_part2/ProgramFile-TextVersion.txt</file>
            <file>file:/E:/Java/Netbeans/CS3502/OS_Project_Phase2_Part2/src/os_project_phase2_part2/OS_Project_Phase2_Part2.java</file>
            <file>file:/E:/Java/Netbeans/CS3502/OS_Project_Phase2_Part2/src/os_project_phase2_part2/Disk.java</file>
            <file>file:/E:/Java/Netbeans/CS3502/OS_Project_Phase2_Part2/src/os_project_phase2_part2/PCB.java</file>
            <file>file:/E:/Java/Netbeans/CS3502/OS_Project_Phase2_Part2/src/os_project_phase2_part2/MemorySystem.java</file>
            <file>file:/E:/Java/Netbeans/CS3502/OS_Project_Phase2_Part2/src/os_project_phase2_part2/ShortScheduler.java</file>
            <file>file:/E:/Java/Netbeans/CS3502/OS_Project_Phase2_Part2/src/os_project_phase2_part2/Decode.java</file>
            <file>file:/E:/Java/Netbeans/CS3502/OS_Project_Phase2_Part2/src/os_project_phase2_part2/LongScheduler.java</file>
            <file>file:/E:/Java/Netbeans/CS3502/OS_Project_Phase2_Part2/src/os_project_phase2_part2/Dispatcher.java</file>
            <file>file:/E:/Java/Netbeans/CS3502/OS_Project_Phase2_Part2/src/os_project_phase2_part2/Driver.java</file>
            <file>file:/E:/Java/Netbeans/CS3502/OS_Project_Phase2_Part2/src/os_project_phase2_part2/Job.java</file>
        </group>
    </open-files>
</project-private>
